<?xml version="1.0"?>
<!--
/**
* Copyright © 2016 SW-THEMES. All rights reserved.
*/
-->
<view xmlns:xsi="http://www.w3.org/2001/XMLSchema-instance" xsi:noNamespaceSchemaLocation="urn:magento:framework:Config/etc/view.xsd">
    <media>
        <images module="Magento_Catalog">
            <image id="category_page_grid" type="small_image">
                <width>240</width>
                <height>300</height>
            </image>
            <image id="category_page_grid-hover" type="thumbnail">
                <width>240</width>
                <height>300</height>
            </image>
            <image id="category_page_list" type="small_image">
                <width>240</width>
                <height>300</height>
            </image>
            <image id="category_page_list-hover" type="thumbnail">
                <width>240</width>
                <height>300</height>
            </image>
        </images>
    </media>
</view>
